url,label,source,last_update,accuracy,transparency,type
notiziepericolose.blogspot.it,false satire,bufale,2018,1,1,unreliable
ilmattoquotidiano.it,false satire,bufale,2018,1,1,unreliable
ilmessaggio.it,false satire,bufale,2018,1,1,unreliable
ilfattoquotidaino.it,false satire,bufale,2018,1,1,unreliable
ilquotidaino.wordpress.com,false satire,bufale,2018,1,1,unreliable
liberogiornale.com,false satire,bufale,2018,1,1,unreliable
notiziariosegreto.wordpress.com,false satire,bufale,2018,1,1,unreliable
secretnews.fr,false satire,bufale,2018,1,1,unreliable
superbamente.com,false satire,bufale,2018,1,1,unreliable
worldnewsdailyreport.com,false satire,bufale,2018,1,1,unreliable
fonteverificata.it,false satire,bufale,2018,1,1,unreliable
dionidream.com,medical and scientific disinformation,bufale,2018,1,1,unreliable
lastella.altervista.org,medical and scientific disinformation,bufale,2018,1,1,unreliable
segnidalcielo.it,medical and scientific disinformation,bufale,2018,1,1,unreliable
pianetablunews.wordpress.com,medical and scientific disinformation,bufale,2018,1,1,unreliable
saltoquantico.org,medical and scientific disinformation,bufale,2018,1,1,unreliable
autismovaccini.org,medical and scientific disinformation,bufale,2018,1,1,unreliable
jedanews.it/blog,medical and scientific disinformation,bufale,2018,1,1,unreliable
naturalnews.com,medical and scientific disinformation,bufale,2018,1,1,unreliable
notiziespericolate.com,medical and scientific disinformation,bufale,2018,1,1,unreliable
viaggialowcost.altervista.org,medical and scientific disinformation,bufale,2018,1,1,unreliable
sadefenza.blogspot.com,medical and scientific disinformation,bufale,2018,1,1,unreliable
renovatio21.com,medical and scientific disinformation,bufale,2018,1,1,unreliable
devinformarti.blogspot.it/?m=1,political disinformation,bufale,2018,1,1,unreliable
imolaoggi.it,political disinformation,bufale,2018,1,1,unreliable
scenarieconomici.it,political disinformation,bufale,2018,1,1,unreliable
voxnews.info,political disinformation,bufale,2018,1,1,unreliable
informarexresistere.fr,political disinformation,bufale,2018,1,1,unreliable
breaknotizie.com,political disinformation,bufale,2018,1,1,unreliable
direttanews24.com,political disinformation,bufale,2018,1,1,unreliable
fascinazione.info,political disinformation,bufale,2018,1,1,unreliable
tg5stelle.it,political disinformation,bufale,2018,1,1,unreliable
blogopenyoureyes.altervista.org,political disinformation,bufale,2018,1,1,unreliable
ilbazarinformazione.blogspot.it,political disinformation,bufale,2018,1,1,unreliable
informare.over-blog.it,political disinformation,bufale,2018,1,1,unreliable
notizieinmovimentonews.blogspot.it,political disinformation,bufale,2018,1,1,unreliable
tg24-ore.com,political disinformation,bufale,2018,1,1,unreliable
informaresenzacensure.blogspot.com,political disinformation,bufale,2018,1,1,unreliable
byoblu.com,political disinformation,bufale,2018,1,1,unreliable
mag24.es,political disinformation,bufale,2018,1,1,unreliable
iocritico.com,scandal hoax,bufale,2018,1,1,unreliable
sostenitori.info,scandal hoax,bufale,2018,1,1,unreliable
irresponsabile.com,scandal hoax,bufale,2018,1,1,unreliable
aidaa-animaliambiente.blogspot.it,scandal hoax,bufale,2018,1,1,unreliable
thuglifevideos.com,scandal hoax,bufale,2018,1,1,unreliable
yournewswire.com,scandal hoax,bufale,2018,1,1,unreliable
maurizioblondet.it,scandal hoax,bufale,2018,1,1,unreliable
tgnewsitalia.it/wp,clickbait,bufale,2018,2,2,reliable
vnews24.it,clickbait,bufale,2018,2,2,reliable
internapoli.it,clickbait,bufale,2018,2,2,reliable
americablog.com,clickbait,columbia_journalism_review,2021-04,2,2,reliable
commondreams.org,clickbait,columbia_journalism_review,2021-04,2,2,reliable
dailycaller.com,clickbait,columbia_journalism_review,2021-04,2,2,reliable
dailykos.com,clickbait,columbia_journalism_review,2021-04,2,2,reliable
elitereaders.com,clickbait,columbia_journalism_review,2021-04,2,2,reliable
endtime.com,clickbait,columbia_journalism_review,2021-04,2,2,reliable
lifezette.com,clickbait,columbia_journalism_review,2021-04,2,2,reliable
livevote.com,clickbait,columbia_journalism_review,2021-04,2,2,reliable
lovethispic.com,clickbait,columbia_journalism_review,2021-04,2,2,reliable
meanlefthook.com,clickbait,columbia_journalism_review,2021-04,2,2,reliable
occupyliberals.com,clickbait,columbia_journalism_review,2021-04,2,2,reliable
patriotchronicle.com,clickbait,columbia_journalism_review,2021-04,2,2,reliable
rawstory.com,clickbait,columbia_journalism_review,2021-04,2,2,reliable
remedydaily.com,clickbait,columbia_journalism_review,2021-04,2,2,reliable
twitchy.com,clickbait,columbia_journalism_review,2021-04,2,2,reliable
bigpzone.com,clickbait,fake_news_watch,2016-01-18,2,2,reliable
wideawakeamerica.com,clickbait,fake_news_watch,2016-01-18,2,2,reliable
redflagnews.com,clickbait,fake_news_watch,2016-01-18,2,2,reliable
amusmentic.com,clickbait,zimdars,2016,2,2,reliable
automotostar.com,clickbait,zimdars,2016,2,2,reliable
chicksontheright.com,clickbait,zimdars,2016,2,2,reliable
educateinspirechange.org/health,clickbait,zimdars,2016,2,2,reliable
heatst.com,clickbait,zimdars,2016,2,2,reliable
indiaarising.com,clickbait,zimdars,2016,2,2,reliable
liberalamerica.org,clickbait,zimdars,2016,2,2,reliable
uslifetoday.com,clickbait,zimdars,2016,2,2,reliable
usuncut.com,clickbait,zimdars,2016,2,2,reliable
viraltube.nl,clickbait,zimdars,2016,2,2,reliable
yournationnews.com,clickbait,zimdars,2016,2,2,reliable
sulatestagiannilannes.blogspot.it,websites of conspiracy theorists and hoax spreaders,bufale,2018,1,1,unreliable
tmcrew.org,websites of conspiracy theorists and hoax spreaders,bufale,2018,1,1,unreliable
tanker-enemy.com,websites of conspiracy theorists and hoax spreaders,bufale,2018,1,1,unreliable
tankerenemy.com,websites of conspiracy theorists and hoax spreaders,bufale,2018,1,1,unreliable
nocensura.com,websites of conspiracy theorists and hoax spreaders,bufale,2018,1,1,unreliable
sapereeundovere.com,websites of conspiracy theorists and hoax spreaders,bufale,2018,1,1,unreliable
luogocomune.net/lc,websites of conspiracy theorists and hoax spreaders,bufale,2018,1,1,unreliable
disinformazione.it,websites of conspiracy theorists and hoax spreaders,bufale,2018,1,1,unreliable
centrometeoitaliano.it,websites of conspiracy theorists and hoax spreaders,bufale,2018,1,1,unreliable
informatitalia.blogspot.it,websites of conspiracy theorists and hoax spreaders,bufale,2018,1,1,unreliable
signoraggio.it,websites of conspiracy theorists and hoax spreaders,bufale,2018,1,1,unreliable
albainternazionale.blogspot.it,websites of conspiracy theorists and hoax spreaders,bufale,2018,1,1,unreliable
facebook.com/oggi24ore,websites of conspiracy theorists and hoax spreaders,bufale,2018,1,1,unreliable
facebook.com/scienza-di-confine-188189217954979,social media sites of conspiracy theorists and hoax spreaders,bufale,2018,1,1,unreliable
facebook.com/stopinvasioneclandestina,social media sites of conspiracy theorists and hoax spreaders,bufale,2018,1,1,unreliable
facebook.com/noncielodicono,social media sites of conspiracy theorists and hoax spreaders,bufale,2018,1,1,unreliable
facebook.com/robyfanpage.it/?ref=br_rs,social media sites of conspiracy theorists and hoax spreaders,bufale,2018,1,1,unreliable
facebook.com/sardegnatoday,social media sites of conspiracy theorists and hoax spreaders,bufale,2018,1,1,unreliable
facebook.com/sadefenza,social media sites of conspiracy theorists and hoax spreaders,bufale,2018,1,1,unreliable
twitter.com/radiosavana?ref_src=twsrc%5egoogle%7ctwcamp%5eserp%7ctwgr%5eauthor,social media sites of conspiracy theorists and hoax spreaders,bufale,2018,1,1,unreliable
facebook.com/quello-che-non-ci-dicono-107884204213182,social media sites of conspiracy theorists and hoax spreaders,bufale,2018,1,1,unreliable
facebook.com/websocialtv,social media sites of conspiracy theorists and hoax spreaders,bufale,2018,1,1,unreliable
twitter.com/socialtvntw,social media sites of conspiracy theorists and hoax spreaders,bufale,2018,1,1,unreliable
anno3000.altervista.org,misleading,bufalopedia,2020-05-05,2,1,unreliable
corrieredelcorsaro.it,misleading,bufalopedia,2020-05-05,2,1,unreliable
gazzettadellasera.com,misleading,bufalopedia,2020-05-05,2,1,unreliable
gazzettinoweb.altervista.org,misleading,bufalopedia,2020-05-05,2,1,unreliable
ilcazzoquotidiano.altervista.org/blog,misleading,bufalopedia,2020-05-05,2,1,unreliable
notiziepericolose.blogspot.com,misleading,bufalopedia,2020-05-05,2,1,unreliable
facebook.com/ilfalloquotidiano,misleading,bufalopedia,2020-05-05,2,1,unreliable
ilgiornaliere.com,misleading,bufalopedia,2020-05-05,2,1,unreliable
ilgiomale.it,misleading,bufalopedia,2020-05-05,2,1,unreliable
inews24.it,misleading,bufalopedia,2020-05-05,2,1,unreliable
ioco.altervista.org,misleading,bufalopedia,2020-05-05,2,1,unreliable
lavocea5stelle.altervista.org,misleading,bufalopedia,2020-05-05,2,1,unreliable
liberogiornale.it,misleading,bufalopedia,2020-05-05,2,1,unreliable
news24roma.altervista.org,misleading,bufalopedia,2020-05-05,2,1,unreliable
news24tg.com,misleading,bufalopedia,2020-05-05,2,1,unreliable
news24europa.com,misleading,bufalopedia,2020-05-05,2,1,unreliable
notiziea5stelle.com,misleading,bufalopedia,2020-05-05,2,1,unreliable
panorana.it,misleading,bufalopedia,2020-05-05,2,1,unreliable
paperera.com,misleading,bufalopedia,2020-05-05,2,1,unreliable
sky24ore.it,misleading,bufalopedia,2020-05-05,2,1,unreliable
strafattiquotidiani.wordpress.com,misleading,bufalopedia,2020-05-05,2,1,unreliable
ilgiornaledeiticinesi.info,satire,bufalopedia,2020-05-05,1,2,reliable
lercio.it,satire,bufalopedia,2020-05-05,1,2,reliable
ticinoinforna.com,satire,bufalopedia,2020-05-05,1,2,reliable
twitter.com/cbugliano,satire,bufalopedia,2020-05-05,1,2,reliable
twitter.com/vigilevittorino,satire,bufalopedia,2020-05-05,1,2,reliable
theonion.com,satire,bufalopedia,2020-05-05,1,2,reliable
aceflashman.wordpress.com,satire,columbia_journalism_review,2021-04,1,2,reliable
actualidadpanamericana.com,satire,columbia_journalism_review,2021-04,1,2,reliable
awazetribune.com,satire,columbia_journalism_review,2021-04,1,2,reliable
brokenworldnews.com,satire,columbia_journalism_review,2021-04,1,2,reliable
callthecops.net,satire,columbia_journalism_review,2021-04,1,2,reliable
chronicle.su,satire,columbia_journalism_review,2021-04,1,2,reliable
dailydiscord.com,satire,columbia_journalism_review,2021-04,1,2,reliable
dailysnark.com,satire,columbia_journalism_review,2021-04,1,2,reliable
dailysquib.co.uk,satire,columbia_journalism_review,2021-04,1,2,reliable
diversitychronicle.wordpress.com,satire,columbia_journalism_review,2021-04,1,2,reliable
duffelblog.com,satire,columbia_journalism_review,2021-04,1,2,reliable
elkoshary.com,satire,columbia_journalism_review,2021-04,1,2,reliable
elmundotoday.com,satire,columbia_journalism_review,2021-04,1,2,reliable
fognews.ru,satire,columbia_journalism_review,2021-04,1,2,reliable
freedumjunkshun.com,satire,columbia_journalism_review,2021-04,1,2,reliable
fridaymash.com,satire,columbia_journalism_review,2021-04,1,2,reliable
halfwaypost.com,satire,columbia_journalism_review,2021-04,1,2,reliable
holyobserver.com,satire,columbia_journalism_review,2021-04,1,2,reliable
islamicanews.com,satire,columbia_journalism_review,2021-04,1,2,reliable
liberalbias.com,satire,columbia_journalism_review,2021-04,1,2,reliable
lushforlife.com,satire,columbia_journalism_review,2021-04,1,2,reliable
newsbreakers.org,satire,columbia_journalism_review,2021-04,1,2,reliable
newstoad.net,satire,columbia_journalism_review,2021-04,1,2,reliable
objectiveministries.org,satire,columbia_journalism_review,2021-04,1,2,reliable
patriotnewsdaily.com,satire,columbia_journalism_review,2021-04,1,2,reliable
politicalgarbagechute.com,satire,columbia_journalism_review,2021-04,1,2,reliable
satirewire.com,satire,columbia_journalism_review,2021-04,1,2,reliable
sensationalisttimes.com,satire,columbia_journalism_review,2021-04,1,2,reliable
sportspickle.com,satire,columbia_journalism_review,2021-04,1,2,reliable
stneotscitizen.com,satire,columbia_journalism_review,2021-04,1,2,reliable
thedailymash.co.uk,satire,columbia_journalism_review,2021-04,1,2,reliable
thedailywtf.com,satire,columbia_journalism_review,2021-04,1,2,reliable
thelapine.ca,satire,columbia_journalism_review,2021-04,1,2,reliable
thepeoplescube.com,satire,columbia_journalism_review,2021-04,1,2,reliable
theskunk.org,satire,columbia_journalism_review,2021-04,1,2,reliable
theunrealtimes.com,satire,columbia_journalism_review,2021-04,1,2,reliable
trumpbetrayed.us,satire,columbia_journalism_review,2021-04,1,2,reliable
unconfirmedsources.com,satire,columbia_journalism_review,2021-04,1,2,reliable
waterfordwhispersnews.com,satire,columbia_journalism_review,2021-04,1,2,reliable
wearethellod.com,satire,columbia_journalism_review,2021-04,1,2,reliable
williambanzai7.blogspot.com,satire,columbia_journalism_review,2021-04,1,2,reliable
wonkie.com,satire,columbia_journalism_review,2021-04,1,2,reliable
amplifyingglass.com,satire,fake_news_watch,2016-01-18,1,2,reliable
duffleblog.com,satire,fake_news_watch,2016-01-18,1,2,reliable
gomerblog.com,satire,fake_news_watch,2016-01-18,1,2,reliable
nahadaily.com,satire,fake_news_watch,2016-01-18,1,2,reliable
rockcitytimes.com,satire,fake_news_watch,2016-01-18,1,2,reliable
thespoof.com,satire,fake_news_watch,2016-01-18,1,2,reliable
alternativelyfacts.com,satire,media_bias_fact_check,2021-05-17,1,2,reliable
alternative-science.com,satire,media_bias_fact_check,2021-05-17,1,2,reliable
babylonbee.com,satire,media_bias_fact_check,2021-05-17,1,2,reliable
bluenewsnetwork.com,satire,media_bias_fact_check,2021-05-17,1,2,reliable
breakingburgh.com,satire,media_bias_fact_check,2021-05-17,1,2,reliable
bullshitnews.org,satire,media_bias_fact_check,2021-05-17,1,2,reliable
bustatroll.org,satire,media_bias_fact_check,2021-05-17,1,2,reliable
confederacyofdrones.com,satire,media_bias_fact_check,2021-05-17,1,2,reliable
cracked.com,satire,media_bias_fact_check,2021-05-17,1,2,reliable
dailyworldupdate.us,satire,media_bias_fact_check,2021-05-17,1,2,reliable
eveningharold.com,satire,media_bias_fact_check,2021-05-17,1,2,reliable
flake.news,satire,media_bias_fact_check,2021-05-17,1,2,reliable
fmobserver.com,satire,media_bias_fact_check,2021-05-17,1,2,reliable
frankmag.ca,satire,media_bias_fact_check,2021-05-17,1,2,reliable
freedomcrossroads.com,satire,media_bias_fact_check,2021-05-17,1,2,reliable
genesiustimes.com,satire,media_bias_fact_check,2021-05-17,1,2,reliable
gishgallop.com,satire,media_bias_fact_check,2021-05-17,1,2,reliable
harddawn.com,satire,media_bias_fact_check,2021-05-17,1,2,reliable
imao.us,satire,media_bias_fact_check,2021-05-17,1,2,reliable
infobattle.org,satire,media_bias_fact_check,2021-05-17,1,2,reliable
larknews.com,satire,media_bias_fact_check,2021-05-17,1,2,reliable
legorafi.fr,satire,media_bias_fact_check,2021-05-17,1,2,reliable
madhousemagazine.com,satire,media_bias_fact_check,2021-05-17,1,2,reliable
mcsweeneys.net,satire,media_bias_fact_check,2021-05-17,1,2,reliable
moronmajority.com,satire,media_bias_fact_check,2021-05-17,1,2,reliable
newsthump.com,satire,media_bias_fact_check,2021-05-17,1,2,reliable
npcdaily.com,satire,media_bias_fact_check,2021-05-17,1,2,reliable
prettycoolsite.com,satire,media_bias_fact_check,2021-05-17,1,2,reliable
potatriotsunite.com,satire,media_bias_fact_check,2021-05-17,1,2,reliable
realrawnews.com,satire,media_bias_fact_check,2021-05-17,1,2,reliable
reductress.com,satire,media_bias_fact_check,2021-05-17,1,2,reliable
sanctumnews.com,satire,media_bias_fact_check,2021-05-17,1,2,reliable
satirev.org,satire,media_bias_fact_check,2021-05-17,1,2,reliable
schmedium.org,satire,media_bias_fact_check,2021-05-17,1,2,reliable
southendnewsnetwork.net,satire,media_bias_fact_check,2021-05-17,1,2,reliable
stiltonsplace.blogspot.com,satire,media_bias_fact_check,2021-05-17,1,2,reliable
stubhillnews.com,satire,media_bias_fact_check,2021-05-17,1,2,reliable
suffolkgazette.com,satire,media_bias_fact_check,2021-05-17,1,2,reliable
sundaysportonline.co.uk,satire,media_bias_fact_check,2021-05-17,1,2,reliable
thatsprettygoodscience.com,satire,media_bias_fact_check,2021-05-17,1,2,reliable
atlbanana.com,satire,media_bias_fact_check,2021-05-17,1,2,reliable
thebeaverton.com,satire,media_bias_fact_check,2021-05-17,1,2,reliable
chaser.com.au,satire,media_bias_fact_check,2021-05-17,1,2,reliable
thedailymire.com,satire,media_bias_fact_check,2021-05-17,1,2,reliable
thehardtimes.net,satire,media_bias_fact_check,2021-05-17,1,2,reliable
themideastbeast.com,satire,media_bias_fact_check,2021-05-17,1,2,reliable
theredshtick.com,satire,media_bias_fact_check,2021-05-17,1,2,reliable
thesciencepost.com,satire,media_bias_fact_check,2021-05-17,1,2,reliable
theshovel.com.au,satire,media_bias_fact_check,2021-05-17,1,2,reliable
thereisnews.com,satire,media_bias_fact_check,2021-05-17,1,2,reliable
tittletattle365.com,satire,media_bias_fact_check,2021-05-17,1,2,reliable
truthbrary.org,satire,media_bias_fact_check,2021-05-17,1,2,reliable
wokennews.com,satire,media_bias_fact_check,2021-05-17,1,2,reliable
beehivebugle.com,satire,zimdars,2016,1,2,reliable
borowitzreport.com,satire,zimdars,2016,1,2,reliable
bostontribune.com,satire,zimdars,2016,1,2,reliable
crystalair.com,satire,zimdars,2016,1,2,reliable
dailyleak.org,satire,zimdars,2016,1,2,reliable
dandygoat.com,satire,zimdars,2016,1,2,reliable
der-postillon.com,satire,zimdars,2016,1,2,reliable
freepatriot.org,satire,zimdars,2016,1,2,reliable
glossynews.com,satire,zimdars,2016,1,2,reliable
humortimes.com,satire,zimdars,2016,1,2,reliable
ironictimes.com,satire,zimdars,2016,1,2,reliable
johnnyrobish.com,satire,zimdars,2016,1,2,reliable
landoverbaptist.org,satire,zimdars,2016,1,2,reliable
newyorker.com/humor,satire,zimdars,2016,1,2,reliable
religionlo.com,satire,zimdars,2016,1,2,reliable
scrappleface.com,satire,zimdars,2016,1,2,reliable
speld.nl,satire,zimdars,2016,1,2,reliable
surrealscoop.com,satire,zimdars,2016,1,2,reliable
theineptowl.com,satire,zimdars,2016,1,2,reliable
themadisonmisnomer.com,satire,zimdars,2016,1,2,reliable
thestatelyharold.com,satire,zimdars,2016,1,2,reliable
thetimesoftheworld.com,satire,zimdars,2016,1,2,reliable
topekasnews.com,satire,zimdars,2016,1,2,reliable
winkprogress.com,satire,zimdars,2016,1,2,reliable
wundergroundmusic.com,satire,zimdars,2016,1,2,reliable
bbspot.com,fake news,bufalopedia,2020-05-05,1,1,unreliable
betootaadvocate.com,fake news,bufalopedia,2020-05-05,1,1,unreliable
collegehumor.com,fake news,bufalopedia,2020-05-05,1,1,unreliable
dailybuzzlive.com,fake news,bufalopedia,2020-05-05,1,1,unreliable
dailycurrant.com,fake news,bufalopedia,2020-05-05,1,1,unreliable
empirenews.net,fake news,bufalopedia,2020-05-05,1,1,unreliable
empiresports.co,fake news,bufalopedia,2020-05-05,1,1,unreliable
freewoodpost.com,fake news,bufalopedia,2020-05-05,1,1,unreliable
huzlers.com,fake news,bufalopedia,2020-05-05,1,1,unreliable
journaldemourreal.com,fake news,bufalopedia,2020-05-05,1,1,unreliable
lightlybraisedturnip.com,fake news,bufalopedia,2020-05-05,1,1,unreliable
en.mediamass.net,fake news,bufalopedia,2020-05-05,1,1,unreliable
nationalreport.net,fake news,bufalopedia,2020-05-05,1,1,unreliable
newsexaminer.net,fake news,bufalopedia,2020-05-05,1,1,unreliable
newyorker.com/humor/borowitz-report,fake news,bufalopedia,2020-05-05,1,1,unreliable
thenewsnerd.com,fake news,bufalopedia,2020-05-05,1,1,unreliable
thepoke.co.uk,fake news,bufalopedia,2020-05-05,1,1,unreliable
weeklyworldnews.com,fake news,bufalopedia,2020-05-05,1,1,unreliable
12minutos.com,fake news,girnberg,2019-01-28,1,1,unreliable
16wmpo.com,fake news,girnberg,2019-01-28,1,1,unreliable
20minutenews.com,fake news,girnberg,2019-01-28,1,1,unreliable
247newsmedia.com,fake news,girnberg,2019-01-28,1,1,unreliable
24aktuelles.com,fake news,girnberg,2019-01-28,1,1,unreliable
24online.news,fake news,girnberg,2019-01-28,1,1,unreliable
24usainfo.com,fake news,girnberg,2019-01-28,1,1,unreliable
24wpn.com,fake news,girnberg,2019-01-28,1,1,unreliable
abcnews.com.co,fake news,girnberg,2019-01-28,1,1,unreliable
actualite.co,fake news,girnberg,2019-01-28,1,1,unreliable
actualites.co,fake news,girnberg,2019-01-28,1,1,unreliable
adobochronicles.com,fake news,girnberg,2019-01-28,1,1,unreliable
alabamaobserver.com,fake news,girnberg,2019-01-28,1,1,unreliable
aldipest.com,fake news,girnberg,2019-01-28,1,1,unreliable
alertchild.com,fake news,girnberg,2019-01-28,1,1,unreliable
alynews.com,fake news,girnberg,2019-01-28,1,1,unreliable
americafans.com,fake news,girnberg,2019-01-28,1,1,unreliable
americanflare.com,fake news,girnberg,2019-01-28,1,1,unreliable
americanflavor.news,fake news,girnberg,2019-01-28,1,1,unreliable
americanjournalreview.com,fake news,girnberg,2019-01-28,1,1,unreliable
americanpeoplenetwork.com,fake news,girnberg,2019-01-28,1,1,unreliable
americanpoliticnews.co,fake news,girnberg,2019-01-28,1,1,unreliable
americanpresident.co,fake news,girnberg,2019-01-28,1,1,unreliable
americanprides.com,fake news,girnberg,2019-01-28,1,1,unreliable
americasnewest.com,fake news,girnberg,2019-01-28,1,1,unreliable
amposts.com,fake news,girnberg,2019-01-28,1,1,unreliable
anews-24.com,fake news,girnberg,2019-01-28,1,1,unreliable
anews24.org,fake news,girnberg,2019-01-28,1,1,unreliable
angrypatriotmovement.com,fake news,girnberg,2019-01-28,1,1,unreliable
anonjekloy.tk,fake news,girnberg,2019-01-28,1,1,unreliable
areyouasleep.com,fake news,girnberg,2019-01-28,1,1,unreliable
asamericanasapplepie.org,fake news,girnberg,2019-01-28,1,1,unreliable
associatedmediacoverage.com,fake news,girnberg,2019-01-28,1,1,unreliable
aurora-news.us,fake news,girnberg,2019-01-28,1,1,unreliable
badcriminals.com,fake news,girnberg,2019-01-28,1,1,unreliable
baldwinpost.com,fake news,girnberg,2019-01-28,1,1,unreliable
baltimoregazette.com,fake news,girnberg,2019-01-28,1,1,unreliable
battypost.com,fake news,girnberg,2019-01-28,1,1,unreliable
bb4sp.com,fake news,girnberg,2019-01-28,1,1,unreliable
beforeitsnews.com,fake news,girnberg,2019-01-28,1,1,unreliable
belgique.actualites.co,fake news,girnberg,2019-01-28,1,1,unreliable
bients.com,fake news,girnberg,2019-01-28,1,1,unreliable
bigbluevision.org,fake news,girnberg,2019-01-28,1,1,unreliable
bignuggetnews.com,fake news,girnberg,2019-01-28,1,1,unreliable
bizstandardnews.com,fake news,girnberg,2019-01-28,1,1,unreliable
bluevision.news,fake news,girnberg,2019-01-28,1,1,unreliable
bluevisionpost.com,fake news,girnberg,2019-01-28,1,1,unreliable
borderherald.com,fake news,girnberg,2019-01-28,1,1,unreliable
bostonleader.com,fake news,girnberg,2019-01-28,1,1,unreliable
breakingtop.world,fake news,girnberg,2019-01-28,1,1,unreliable
burrardstreetjournal.com,fake news,girnberg,2019-01-28,1,1,unreliable
butthatsnoneofmybusiness.com,fake news,girnberg,2019-01-28,1,1,unreliable
buzzfeedusa.com,fake news,girnberg,2019-01-28,1,1,unreliable
cartelpress.com,fake news,girnberg,2019-01-28,1,1,unreliable
cartelreport.com,fake news,girnberg,2019-01-28,1,1,unreliable
celebtricity.com,fake news,girnberg,2019-01-28,1,1,unreliable
channel16news.com,fake news,girnberg,2019-01-28,1,1,unreliable
channel17news.com,fake news,girnberg,2019-01-28,1,1,unreliable
channel18news.com,fake news,girnberg,2019-01-28,1,1,unreliable
channel22news.com,fake news,girnberg,2019-01-28,1,1,unreliable
channel23news.com,fake news,girnberg,2019-01-28,1,1,unreliable
channel28news.com,fake news,girnberg,2019-01-28,1,1,unreliable
channel34news.com,fake news,girnberg,2019-01-28,1,1,unreliable
channel45news.com,fake news,girnberg,2019-01-28,1,1,unreliable
channel5000.com,fake news,girnberg,2019-01-28,1,1,unreliable
choiceandtruth.com,fake news,girnberg,2019-01-28,1,1,unreliable
christiantimesnewspaper.com,fake news,girnberg,2019-01-28,1,1,unreliable
christiantoday.info,fake news,girnberg,2019-01-28,1,1,unreliable
chuckcallesto.blogspot.com,fake news,girnberg,2019-01-28,1,1,unreliable
civictribune.com,fake news,girnberg,2019-01-28,1,1,unreliable
clancyreport.com,fake news,girnberg,2019-01-28,1,1,unreliable
clashdaily.com,fake news,girnberg,2019-01-28,1,1,unreliable
clear-politics.com,fake news,girnberg,2019-01-28,1,1,unreliable
cnn.com.de,fake news,girnberg,2019-01-28,1,1,unreliable
cnnews3.com,fake news,girnberg,2019-01-28,1,1,unreliable
consciouslyenlightened.com,fake news,girnberg,2019-01-28,1,1,unreliable
conservativearmy88.com,fake news,girnberg,2019-01-28,1,1,unreliable
conservativedailypost.com,fake news,girnberg,2019-01-28,1,1,unreliable
conservativeflashnews.com,fake news,girnberg,2019-01-28,1,1,unreliable
conservativeinfocorner.com,fake news,girnberg,2019-01-28,1,1,unreliable
conservativeinsider.co,fake news,girnberg,2019-01-28,1,1,unreliable
conservativespirit.com,fake news,girnberg,2019-01-28,1,1,unreliable
conservativestudio.com,fake news,girnberg,2019-01-28,1,1,unreliable
consnation.com,fake news,girnberg,2019-01-28,1,1,unreliable
cooltobeconservative.com,fake news,girnberg,2019-01-28,1,1,unreliable
daily-sun.com,fake news,girnberg,2019-01-28,1,1,unreliable
dailyfinesser.com,fake news,girnberg,2019-01-28,1,1,unreliable
dailyinfobox.com,fake news,girnberg,2019-01-28,1,1,unreliable
dailyinsidernews.com,fake news,girnberg,2019-01-28,1,1,unreliable
dailynews10.com,fake news,girnberg,2019-01-28,1,1,unreliable
dailynews11.com,fake news,girnberg,2019-01-28,1,1,unreliable
dailynews3.com,fake news,girnberg,2019-01-28,1,1,unreliable
dailynews33.com,fake news,girnberg,2019-01-28,1,1,unreliable
dailynews5.com,fake news,girnberg,2019-01-28,1,1,unreliable
dailynewsposts.info,fake news,girnberg,2019-01-28,1,1,unreliable
dailyoccupation.com,fake news,girnberg,2019-01-28,1,1,unreliable
dailypresser.com,fake news,girnberg,2019-01-28,1,1,unreliable
dailysurge.com,fake news,girnberg,2019-01-28,1,1,unreliable
dailyusaupdate.com,fake news,girnberg,2019-01-28,1,1,unreliable
damnleaks.com,fake news,girnberg,2019-01-28,1,1,unreliable
democraticmoms.com,fake news,girnberg,2019-01-28,1,1,unreliable
denverguardian.com,fake news,girnberg,2019-01-28,1,1,unreliable
denverinquirer.com,fake news,girnberg,2019-01-28,1,1,unreliable
departed.co,fake news,girnberg,2019-01-28,1,1,unreliable
departedmedia.com,fake news,girnberg,2019-01-28,1,1,unreliable
dineal.com,fake news,girnberg,2019-01-28,1,1,unreliable
disclose.tv,fake news,girnberg,2019-01-28,1,1,unreliable
diyhours.net,fake news,girnberg,2019-01-28,1,1,unreliable
donaldtrumpnews.co,fake news,girnberg,2019-01-28,1,1,unreliable
donaldtrumppotus45.com,fake news,girnberg,2019-01-28,1,1,unreliable
drugsofficial.com,fake news,girnberg,2019-01-28,1,1,unreliable
embols.com,fake news,girnberg,2019-01-28,1,1,unreliable
empireherald.com,fake news,girnberg,2019-01-28,1,1,unreliable
en-volve.com,fake news,girnberg,2019-01-28,1,1,unreliable
endingthefed.com,fake news,girnberg,2019-01-28,1,1,unreliable
enhlive.com,fake news,girnberg,2019-01-28,1,1,unreliable
everydaybreakingnews.com,fake news,girnberg,2019-01-28,1,1,unreliable
everynewshere.com,fake news,girnberg,2019-01-28,1,1,unreliable
famousviralstories.com,fake news,girnberg,2019-01-28,1,1,unreliable
fanzinger.com,fake news,girnberg,2019-01-28,1,1,unreliable
federalistnation.com,fake news,girnberg,2019-01-28,1,1,unreliable
federalisttribune.com,fake news,girnberg,2019-01-28,1,1,unreliable
fedsalert.com,fake news,girnberg,2019-01-28,1,1,unreliable
flashinfo.org,fake news,girnberg,2019-01-28,1,1,unreliable
flashnewscorner.com,fake news,girnberg,2019-01-28,1,1,unreliable
floridasunpost.com,fake news,girnberg,2019-01-28,1,1,unreliable
focusnews.info,fake news,girnberg,2019-01-28,1,1,unreliable
folksvideo.com,fake news,girnberg,2019-01-28,1,1,unreliable
fox-news24.com,fake news,girnberg,2019-01-28,1,1,unreliable
france.actualites.co,fake news,girnberg,2019-01-28,1,1,unreliable
freddymag.com,fake news,girnberg,2019-01-28,1,1,unreliable
freedomcrossroads.us,fake news,girnberg,2019-01-28,1,1,unreliable
freedomdaily.com,fake news,girnberg,2019-01-28,1,1,unreliable
freedomsfinalstand.com,fake news,girnberg,2019-01-28,1,1,unreliable
freshdailyreport.com,fake news,girnberg,2019-01-28,1,1,unreliable
friendsofsyria.wordpress.com,fake news,girnberg,2019-01-28,1,1,unreliable
givemeliberty01.com,fake news,girnberg,2019-01-28,1,1,unreliable
globalassociatednews.com,fake news,girnberg,2019-01-28,1,1,unreliable
globalpoliticsnow.com,fake news,girnberg,2019-01-28,1,1,unreliable
greenvillegazette.com,fake news,girnberg,2019-01-28,1,1,unreliable
guerilla.news,fake news,girnberg,2019-01-28,1,1,unreliable
guerillanews.com,fake news,girnberg,2019-01-28,1,1,unreliable
gummypost.com,fake news,girnberg,2019-01-28,1,1,unreliable
halturnershow.com,fake news,girnberg,2019-01-28,1,1,unreliable
headlinebrief.com,fake news,girnberg,2019-01-28,1,1,unreliable
healthyworldhouse.com,fake news,girnberg,2019-01-28,1,1,unreliable
heaviermetal.net,fake news,girnberg,2019-01-28,1,1,unreliable
hotglobalnews.com,fake news,girnberg,2019-01-28,1,1,unreliable
houstonchronicle-tv.com,fake news,girnberg,2019-01-28,1,1,unreliable
ilovemyfreedom.org,fake news,girnberg,2019-01-28,1,1,unreliable
interestingdailynews.com,fake news,girnberg,2019-01-28,1,1,unreliable
intrendtoday.com,fake news,girnberg,2019-01-28,1,1,unreliable
ipatriot.com,fake news,girnberg,2019-01-28,1,1,unreliable
isthatlegit.com,fake news,girnberg,2019-01-28,1,1,unreliable
jokerviral.com,fake news,girnberg,2019-01-28,1,1,unreliable
kata33.com,fake news,girnberg,2019-01-28,1,1,unreliable
klponews.com,fake news,girnberg,2019-01-28,1,1,unreliable
km8news.com,fake news,girnberg,2019-01-28,1,1,unreliable
kmt11.com,fake news,girnberg,2019-01-28,1,1,unreliable
knp7.com,fake news,girnberg,2019-01-28,1,1,unreliable
konkonsagh.biz,fake news,girnberg,2019-01-28,1,1,unreliable
krbcnews.com,fake news,girnberg,2019-01-28,1,1,unreliable
kspm33.com,fake news,girnberg,2019-01-28,1,1,unreliable
kupr7.com,fake news,girnberg,2019-01-28,1,1,unreliable
ky12news.com,fake news,girnberg,2019-01-28,1,1,unreliable
ky6news.com,fake news,girnberg,2019-01-28,1,1,unreliable
kypo6.com,fake news,girnberg,2019-01-28,1,1,unreliable
ladylibertysnews.com,fake news,girnberg,2019-01-28,1,1,unreliable
landrypost.com,fake news,girnberg,2019-01-28,1,1,unreliable
lastdeplorables.com,fake news,girnberg,2019-01-28,1,1,unreliable
liberalplug.com,fake news,girnberg,2019-01-28,1,1,unreliable
liberty-courier.com,fake news,girnberg,2019-01-28,1,1,unreliable
libertyalliance.com,fake news,girnberg,2019-01-28,1,1,unreliable
libertywritersnews.com,fake news,girnberg,2019-01-28,1,1,unreliable
local31news.com,fake news,girnberg,2019-01-28,1,1,unreliable
localnews33.com,fake news,girnberg,2019-01-28,1,1,unreliable
londonwebnews.com,fake news,girnberg,2019-01-28,1,1,unreliable
lopezreport.com,fake news,girnberg,2019-01-28,1,1,unreliable
madworldnews.com,fake news,girnberg,2019-01-28,1,1,unreliable
mainerepublicemailalert.com,fake news,girnberg,2019-01-28,1,1,unreliable
majorthoughts.com,fake news,girnberg,2019-01-28,1,1,unreliable
maywoodpost.com,fake news,girnberg,2019-01-28,1,1,unreliable
mbynews.com,fake news,girnberg,2019-01-28,1,1,unreliable
mckenziepost.com,fake news,girnberg,2019-01-28,1,1,unreliable
mediazone.news,fake news,girnberg,2019-01-28,1,1,unreliable
metropolitanworlds.com,fake news,girnberg,2019-01-28,1,1,unreliable
mississippiherald.com,fake news,girnberg,2019-01-28,1,1,unreliable
morningnewsusa.com,fake news,girnberg,2019-01-28,1,1,unreliable
mrnewswatch.com,fake news,girnberg,2019-01-28,1,1,unreliable
msfanpage.link,fake news,girnberg,2019-01-28,1,1,unreliable
msnbc.website,fake news,girnberg,2019-01-28,1,1,unreliable
nationalinsiderpolitics.com,fake news,girnberg,2019-01-28,1,1,unreliable
nbc.com.co,fake news,girnberg,2019-01-28,1,1,unreliable
ncscooper.com,fake news,girnberg,2019-01-28,1,1,unreliable
neonnettle.com,fake news,girnberg,2019-01-28,1,1,unreliable
nephef.com,fake news,girnberg,2019-01-28,1,1,unreliable
nevo.news,fake news,girnberg,2019-01-28,1,1,unreliable
newpoliticstoday.com,fake news,girnberg,2019-01-28,1,1,unreliable
news14kgpn.com,fake news,girnberg,2019-01-28,1,1,unreliable
news14now.com,fake news,girnberg,2019-01-28,1,1,unreliable
news4ktla.com,fake news,girnberg,2019-01-28,1,1,unreliable
newsbiscuit.com,fake news,girnberg,2019-01-28,1,1,unreliable
newsbreakingspipe.com,fake news,girnberg,2019-01-28,1,1,unreliable
newsbreakshere.com,fake news,girnberg,2019-01-28,1,1,unreliable
newsbuzzdaily.com,fake news,girnberg,2019-01-28,1,1,unreliable
newsbysquad.com,fake news,girnberg,2019-01-28,1,1,unreliable
newsdaily10.com,fake news,girnberg,2019-01-28,1,1,unreliable
newsdaily12.com,fake news,girnberg,2019-01-28,1,1,unreliable
newsdaily27.com,fake news,girnberg,2019-01-28,1,1,unreliable
newsfeedhunter.com,fake news,girnberg,2019-01-28,1,1,unreliable
newsfeedobserver.com,fake news,girnberg,2019-01-28,1,1,unreliable
newshubs.info,fake news,girnberg,2019-01-28,1,1,unreliable
newsjustforyou1.blogspot.com,fake news,girnberg,2019-01-28,1,1,unreliable
newsleak.co,fake news,girnberg,2019-01-28,1,1,unreliable
newslo.com,fake news,girnberg,2019-01-28,1,1,unreliable
newsnow17.com,fake news,girnberg,2019-01-28,1,1,unreliable
newswatch33.com,fake news,girnberg,2019-01-28,1,1,unreliable
newzmagazine.com,fake news,girnberg,2019-01-28,1,1,unreliable
notallowedto.com,fake news,girnberg,2019-01-28,1,1,unreliable
noticias365.info,fake news,girnberg,2019-01-28,1,1,unreliable
now8news.com,fake news,girnberg,2019-01-28,1,1,unreliable
nymeta.co,fake news,girnberg,2019-01-28,1,1,unreliable
occupydemocrats.com,fake news,girnberg,2019-01-28,1,1,unreliable
onepoliticalplaza.com,fake news,girnberg,2019-01-28,1,1,unreliable
openmagazines.com,fake news,girnberg,2019-01-28,1,1,unreliable
oreillypost.com,fake news,girnberg,2019-01-28,1,1,unreliable
ourlandofthefree.com,fake news,girnberg,2019-01-28,1,1,unreliable
paris.actualites.co,fake news,girnberg,2019-01-28,1,1,unreliable
patriothangout.com,fake news,girnberg,2019-01-28,1,1,unreliable
persecutes.com,fake news,girnberg,2019-01-28,1,1,unreliable
politicops.com,fake news,girnberg,2019-01-28,1,1,unreliable
politicot.com,fake news,girnberg,2019-01-28,1,1,unreliable
politicsusanews.com,fake news,girnberg,2019-01-28,1,1,unreliable
powerdaily.us,fake news,girnberg,2019-01-28,1,1,unreliable
president45donaldtrump.com,fake news,girnberg,2019-01-28,1,1,unreliable
pressunion.org,fake news,girnberg,2019-01-28,1,1,unreliable
prntly.com,fake news,girnberg,2019-01-28,1,1,unreliable
proudleader.com,fake news,girnberg,2019-01-28,1,1,unreliable
qualitysharing.com,fake news,girnberg,2019-01-28,1,1,unreliable
react365.com,fake news,girnberg,2019-01-28,1,1,unreliable
readconservatives.news,fake news,girnberg,2019-01-28,1,1,unreliable
realnewsrightnow.com,fake news,girnberg,2019-01-28,1,1,unreliable
redcountry.us,fake news,girnberg,2019-01-28,1,1,unreliable
redinfo.us,fake news,girnberg,2019-01-28,1,1,unreliable
redrocktribune.com,fake news,girnberg,2019-01-28,1,1,unreliable
redstatewatcher.com,fake news,girnberg,2019-01-28,1,1,unreliable
religionmind.com,fake news,girnberg,2019-01-28,1,1,unreliable
rickwells.us,fake news,girnberg,2019-01-28,1,1,unreliable
rilenews.com,fake news,girnberg,2019-01-28,1,1,unreliable
rogue-nation3.com,fake news,girnberg,2019-01-28,1,1,unreliable
rumorjournal.com,fake news,girnberg,2019-01-28,1,1,unreliable
satiratribune.com,fake news,girnberg,2019-01-28,1,1,unreliable
scrapetv.com,fake news,girnberg,2019-01-28,1,1,unreliable
smhwtfnews.com,fake news,girnberg,2019-01-28,1,1,unreliable
snoopack.com,fake news,girnberg,2019-01-28,1,1,unreliable
socialeverythings.com,fake news,girnberg,2019-01-28,1,1,unreliable
southernconservativeextra.com,fake news,girnberg,2019-01-28,1,1,unreliable
spinzon.com,fake news,girnberg,2019-01-28,1,1,unreliable
statenation.co,fake news,girnberg,2019-01-28,1,1,unreliable
states-tv.com,fake news,girnberg,2019-01-28,1,1,unreliable
stgeorgegazette.com,fake news,girnberg,2019-01-28,1,1,unreliable
straightstoned.com,fake news,girnberg,2019-01-28,1,1,unreliable
stuppid.com,fake news,girnberg,2019-01-28,1,1,unreliable
success-street.com,fake news,girnberg,2019-01-28,1,1,unreliable
supremepatriot.com,fake news,girnberg,2019-01-28,1,1,unreliable
tdnewswire.com,fake news,girnberg,2019-01-28,1,1,unreliable
tdtalliance.com,fake news,girnberg,2019-01-28,1,1,unreliable
teddystick.com,fake news,girnberg,2019-01-28,1,1,unreliable
telegraphsun.com,fake news,girnberg,2019-01-28,1,1,unreliable
the-insider.co,fake news,girnberg,2019-01-28,1,1,unreliable
the-postillon.com,fake news,girnberg,2019-01-28,1,1,unreliable
theavocadonews.com,fake news,girnberg,2019-01-28,1,1,unreliable
thebostontribune.com,fake news,girnberg,2019-01-28,1,1,unreliable
thebreakingnews.co,fake news,girnberg,2019-01-28,1,1,unreliable
theexaminer.site,fake news,girnberg,2019-01-28,1,1,unreliable
thefrt.com,fake news,girnberg,2019-01-28,1,1,unreliable
theinternationalreporter.org,fake news,girnberg,2019-01-28,1,1,unreliable
theinternetpost.net,fake news,girnberg,2019-01-28,1,1,unreliable
thelastlineofdefense.org,fake news,girnberg,2019-01-28,1,1,unreliable
themoralofthestory.us,fake news,girnberg,2019-01-28,1,1,unreliable
thenationalsun.com,fake news,girnberg,2019-01-28,1,1,unreliable
thenet24h.com,fake news,girnberg,2019-01-28,1,1,unreliable
thenewyorkevening.com,fake news,girnberg,2019-01-28,1,1,unreliable
thenochill.com,fake news,girnberg,2019-01-28,1,1,unreliable
thepoliticaltribune.com,fake news,girnberg,2019-01-28,1,1,unreliable
thepremiumnews.com,fake news,girnberg,2019-01-28,1,1,unreliable
theracketreport.com,fake news,girnberg,2019-01-28,1,1,unreliable
thereporterz.com,fake news,girnberg,2019-01-28,1,1,unreliable
therightists.com,fake news,girnberg,2019-01-28,1,1,unreliable
theseattletribune.com,fake news,girnberg,2019-01-28,1,1,unreliable
thetrumpmedia.com,fake news,girnberg,2019-01-28,1,1,unreliable
theusa-news.com,fake news,girnberg,2019-01-28,1,1,unreliable
theusaconservative.com,fake news,girnberg,2019-01-28,1,1,unreliable
thevalleyreport.com,fake news,girnberg,2019-01-28,1,1,unreliable
thewashingtonpress.com,fake news,girnberg,2019-01-28,1,1,unreliable
times.com.mx,fake news,girnberg,2019-01-28,1,1,unreliable
tmzbreaking.com,fake news,girnberg,2019-01-28,1,1,unreliable
tmzbusiness.com,fake news,girnberg,2019-01-28,1,1,unreliable
tmzcomedy.com,fake news,girnberg,2019-01-28,1,1,unreliable
tmzhiphop.com,fake news,girnberg,2019-01-28,1,1,unreliable
tmzuncut.com,fake news,girnberg,2019-01-28,1,1,unreliable
tmzurban.com,fake news,girnberg,2019-01-28,1,1,unreliable
tmzworldnews.com,fake news,girnberg,2019-01-28,1,1,unreliable
tmzworldstarnews.com,fake news,girnberg,2019-01-28,1,1,unreliable
trueamericans.me,fake news,girnberg,2019-01-28,1,1,unreliable
truetrumpers.com,fake news,girnberg,2019-01-28,1,1,unreliable
truthkings.com,fake news,girnberg,2019-01-28,1,1,unreliable
undergroundnewsreport.com,fake news,girnberg,2019-01-28,1,1,unreliable
unitedmediapublishing.com,fake news,girnberg,2019-01-28,1,1,unreliable
universepolitics.com,fake news,girnberg,2019-01-28,1,1,unreliable
usa-conservative.com,fake news,girnberg,2019-01-28,1,1,unreliable
usa-radio.com,fake news,girnberg,2019-01-28,1,1,unreliable
usa-television.com,fake news,girnberg,2019-01-28,1,1,unreliable
usadailyinfo.com,fake news,girnberg,2019-01-28,1,1,unreliable
usadailypost.us,fake news,girnberg,2019-01-28,1,1,unreliable
usadailytime.com,fake news,girnberg,2019-01-28,1,1,unreliable
usadosenews.com,fake news,girnberg,2019-01-28,1,1,unreliable
usafirstinformation.com,fake news,girnberg,2019-01-28,1,1,unreliable
usanews4u.us,fake news,girnberg,2019-01-28,1,1,unreliable
usanewsflash.com,fake news,girnberg,2019-01-28,1,1,unreliable
usanewshome.com,fake news,girnberg,2019-01-28,1,1,unreliable
usanewstoday.com,fake news,girnberg,2019-01-28,1,1,unreliable
usapolitics24hrs.com,fake news,girnberg,2019-01-28,1,1,unreliable
usapoliticsnow.com,fake news,girnberg,2019-01-28,1,1,unreliable
usapoliticstoday.com,fake news,girnberg,2019-01-28,1,1,unreliable
usapoliticszone.com,fake news,girnberg,2019-01-28,1,1,unreliable
usasnich.com,fake news,girnberg,2019-01-28,1,1,unreliable
usatodaynews.me,fake news,girnberg,2019-01-28,1,1,unreliable
usatodaypolitics.com,fake news,girnberg,2019-01-28,1,1,unreliable
usaworldbox.com,fake news,girnberg,2019-01-28,1,1,unreliable
ushealthyadvisor.com,fake news,girnberg,2019-01-28,1,1,unreliable
ushealthylife.com,fake news,girnberg,2019-01-28,1,1,unreliable
usherald.com,fake news,girnberg,2019-01-28,1,1,unreliable
usinfonews.com,fake news,girnberg,2019-01-28,1,1,unreliable
uspoln.com,fake news,girnberg,2019-01-28,1,1,unreliable
uspostman.com,fake news,girnberg,2019-01-28,1,1,unreliable
vesselnews.io,fake news,girnberg,2019-01-28,1,1,unreliable
viralactions.com,fake news,girnberg,2019-01-28,1,1,unreliable
viralcocaine.com,fake news,girnberg,2019-01-28,1,1,unreliable
viralcords.com,fake news,girnberg,2019-01-28,1,1,unreliable
viraldevil.com,fake news,girnberg,2019-01-28,1,1,unreliable
viralmugshot.com,fake news,girnberg,2019-01-28,1,1,unreliable
viralpropaganda.com,fake news,girnberg,2019-01-28,1,1,unreliable
viralspeech.com,fake news,girnberg,2019-01-28,1,1,unreliable
viralstuppid.com,fake news,girnberg,2019-01-28,1,1,unreliable
voxtribune.com,fake news,girnberg,2019-01-28,1,1,unreliable
washingtonevening.com,fake news,girnberg,2019-01-28,1,1,unreliable
washingtonfeed.com,fake news,girnberg,2019-01-28,1,1,unreliable
washingtonpost.com.co,fake news,girnberg,2019-01-28,1,1,unreliable
wazanews.tk,fake news,girnberg,2019-01-28,1,1,unreliable
wcpm3.com,fake news,girnberg,2019-01-28,1,1,unreliable
weconservative.com,fake news,girnberg,2019-01-28,1,1,unreliable
weekendherald.com,fake news,girnberg,2019-01-28,1,1,unreliable
wetheproudpatriots.com,fake news,girnberg,2019-01-28,1,1,unreliable
wftj8news.com,fake news,girnberg,2019-01-28,1,1,unreliable
whatsupic.com,fake news,girnberg,2019-01-28,1,1,unreliable
witscience.org,fake news,girnberg,2019-01-28,1,1,unreliable
wleb21.com,fake news,girnberg,2019-01-28,1,1,unreliable
wm21news.com,fake news,girnberg,2019-01-28,1,1,unreliable
wmacnews.com,fake news,girnberg,2019-01-28,1,1,unreliable
wmb36.com,fake news,girnberg,2019-01-28,1,1,unreliable
world-politicus.com,fake news,girnberg,2019-01-28,1,1,unreliable
worldinformation24.info,fake news,girnberg,2019-01-28,1,1,unreliable
worldnewspolitics.com,fake news,girnberg,2019-01-28,1,1,unreliable
worldpoliticsnow.com,fake news,girnberg,2019-01-28,1,1,unreliable
worldpoliticus.com,fake news,girnberg,2019-01-28,1,1,unreliable
wrejnews.com,fake news,girnberg,2019-01-28,1,1,unreliable
wrpt16.com,fake news,girnberg,2019-01-28,1,1,unreliable
wtoe5news.com,fake news,girnberg,2019-01-28,1,1,unreliable
xbn-news.com,fake news,girnberg,2019-01-28,1,1,unreliable
yesimright.com,fake news,girnberg,2019-01-28,1,1,unreliable
zootfeed.com,fake news,girnberg,2019-01-28,1,1,unreliable
24x365live.com,fake news,politifact,2017-11-09,1,1,unreliable
a-news24.com,fake news,politifact,2017-11-09,1,1,unreliable
americannews.com,fake news,politifact,2017-11-09,1,1,unreliable
americantoday.us,fake news,politifact,2017-11-09,1,1,unreliable
antinews.com,fake news,politifact,2017-11-09,1,1,unreliable
armyusanews.com,fake news,politifact,2017-11-09,1,1,unreliable
benjaminfulford.typepad.com,fake news,politifact,2017-11-09,1,1,unreliable
breakingnewsblast.com,fake news,politifact,2017-11-09,1,1,unreliable
cnewsgo.com,fake news,politifact,2017-11-09,1,1,unreliable
coffeebreakforyou.com,fake news,politifact,2017-11-09,1,1,unreliable
conservative101.com,fake news,politifact,2017-11-09,1,1,unreliable
conservativepaper.com,fake news,politifact,2017-11-09,1,1,unreliable
conservativeview.info,fake news,politifact,2017-11-09,1,1,unreliable
dailyfeed.news,fake news,politifact,2017-11-09,1,1,unreliable
dailysidnews.com,fake news,politifact,2017-11-09,1,1,unreliable
dailythings.world,fake news,politifact,2017-11-09,1,1,unreliable
defenseusa.club,fake news,politifact,2017-11-09,1,1,unreliable
democraticunderground.com,fake news,politifact,2017-11-09,1,1,unreliable
departedme.com,fake news,politifact,2017-11-09,1,1,unreliable
forfreedomworld.com,fake news,politifact,2017-11-09,1,1,unreliable
freeinfomedia.com,fake news,politifact,2017-11-09,1,1,unreliable
globalrevolutionnetwork.com,fake news,politifact,2017-11-09,1,1,unreliable
nativestuff.us,fake news,politifact,2017-11-09,1,1,unreliable
newsbreakhere.com,fake news,politifact,2017-11-09,1,1,unreliable
newsconservative.com,fake news,politifact,2017-11-09,1,1,unreliable
newsformetoday.com,fake news,politifact,2017-11-09,1,1,unreliable
newsoftrump.com,fake news,politifact,2017-11-09,1,1,unreliable
newsphd.com,fake news,politifact,2017-11-09,1,1,unreliable
newsuptoday.com,fake news,politifact,2017-11-09,1,1,unreliable
nnettle.com,fake news,politifact,2017-11-09,1,1,unreliable
patriotcrier.com,fake news,politifact,2017-11-09,1,1,unreliable
patriotusa.website,fake news,politifact,2017-11-09,1,1,unreliable
politicalmayhem.news,fake news,politifact,2017-11-09,1,1,unreliable
politicspaper.com,fake news,politifact,2017-11-09,1,1,unreliable
puppetstringnews.com,fake news,politifact,2017-11-09,1,1,unreliable
rearfront.com,fake news,politifact,2017-11-09,1,1,unreliable
redpolitics.us,fake news,politifact,2017-11-09,1,1,unreliable
revolutions2040.com,fake news,politifact,2017-11-09,1,1,unreliable
teoinfo.com,fake news,politifact,2017-11-09,1,1,unreliable
the-global-news.com,fake news,politifact,2017-11-09,1,1,unreliable
theworldupdate.com,fake news,politifact,2017-11-09,1,1,unreliable
thirdestatenewsgroup.com,fake news,politifact,2017-11-09,1,1,unreliable
ustruthwire.com,fake news,politifact,2017-11-09,1,1,unreliable
usa360-tv.com,fake news,politifact,2017-11-09,1,1,unreliable
usadailythings24.com,fake news,politifact,2017-11-09,1,1,unreliable
uspoliticsinfo.com,fake news,politifact,2017-11-09,1,1,unreliable
usasupreme.com,fake news,politifact,2017-11-09,1,1,unreliable
usaconservativereport.com,fake news,politifact,2017-11-09,1,1,unreliable
veteransfordonaldtrump.com,fake news,politifact,2017-11-09,1,1,unreliable
weekendpoliticalnews.com,fake news,politifact,2017-11-09,1,1,unreliable
whatdoesitmean.com,fake news,politifact,2017-11-09,1,1,unreliable
worldnewscircle.com,fake news,politifact,2017-11-09,1,1,unreliable
world.politics.com,fake news,politifact,2017-11-09,1,1,unreliable
worldtruth.tv,fake news,politifact,2017-11-09,1,1,unreliable
bitchute.com,close to qanon,butac,2021-05-18,1,1,unreliable
databaseitalia.it,close to qanon,butac,2021-05-18,1,1,unreliable
mariagrazias.com,close to qanon,butac,2021-05-18,1,1,unreliable
musicaeanima.com,close to qanon,butac,2021-05-18,1,1,unreliable
neovitruvian.com,close to qanon,butac,2021-05-18,1,1,unreliable
summit.news,close to qanon,butac,2021-05-18,1,1,unreliable
thelivingspirits.net,close to qanon,butac,2021-05-18,1,1,unreliable
vigilantcitizen.com,close to qanon,butac,2021-05-18,1,1,unreliable
zerohedge.com,close to qanon,butac,2021-05-18,1,1,unreliable
aprilamente.info,pseudoscience,butac,2021-05-18,1,1,unreliable
disquisendo.wordpress.com,pseudoscience,butac,2021-05-18,1,1,unreliable
evidenzaliena.mastertopforum.eu,pseudoscience,butac,2021-05-18,1,1,unreliable
ecologiasociale.info,pseudoscience,butac,2021-05-18,1,1,unreliable
frasideilibri.com,pseudoscience,butac,2021-05-18,1,1,unreliable
ilmeteo.it,pseudoscience,butac,2021-05-18,1,1,unreliable
meteoweb.eu,pseudoscience,butac,2021-05-18,1,1,unreliable
nexusedizioni.it,pseudoscience,butac,2021-05-18,1,1,unreliable
nonsiamosoli.net,pseudoscience,butac,2021-05-18,1,1,unreliable
nogeoingegneria.com,pseudoscience,butac,2021-05-18,1,1,unreliable
pianetablunews.it,pseudoscience,butac,2021-05-18,1,1,unreliable
scienzaeconoscenza.it,pseudoscience,butac,2021-05-18,1,1,unreliable
livescience.com,pseudoscience,butac,2021-05-18,1,1,unreliable
0585news.com,pseudojournalism and politics,butac,2021-05-18,1,1,unreliable
100giornidaleoni.it,pseudojournalism and politics,butac,2021-05-18,1,1,unreliable
24orenotizie.com,pseudojournalism and politics,butac,2021-05-18,1,1,unreliable
5stellenews.com,pseudojournalism and politics,butac,2021-05-18,1,1,unreliable
agenews.eu,pseudojournalism and politics,butac,2021-05-18,1,1,unreliable
all-news.tv,pseudojournalism and politics,butac,2021-05-18,1,1,unreliable
allnews24.eu,pseudojournalism and politics,butac,2021-05-18,1,1,unreliable
attaccomirato.com,pseudojournalism and politics,butac,2021-05-18,1,1,unreliable
attivo.news,pseudojournalism and politics,butac,2021-05-18,1,1,unreliable
bastabugie.it,pseudojournalism and politics,butac,2021-05-18,1,1,unreliable
blognews24ore.com,pseudojournalism and politics,butac,2021-05-18,1,1,unreliable
borderlinez.com,pseudojournalism and politics,butac,2021-05-18,1,1,unreliable
buonamente.com,pseudojournalism and politics,butac,2021-05-18,1,1,unreliable
catenaumana.com,pseudojournalism and politics,butac,2021-05-18,1,1,unreliable
chesuccede.it,pseudojournalism and politics,butac,2021-05-18,1,1,unreliable
citymilanonews.com,pseudojournalism and politics,butac,2021-05-18,1,1,unreliable
comedonchisciotte.org,pseudojournalism and politics,butac,2021-05-18,1,1,unreliable
condividilo.org,pseudojournalism and politics,butac,2021-05-18,1,1,unreliable
controinformo.info,pseudojournalism and politics,butac,2021-05-18,1,1,unreliable
corrieredisera.it,pseudojournalism and politics,butac,2021-05-18,1,1,unreliable
curiosandoonline.com,pseudojournalism and politics,butac,2021-05-18,1,1,unreliable
detoxed.info,pseudojournalism and politics,butac,2021-05-18,1,1,unreliable
direttanews.it,pseudojournalism and politics,butac,2021-05-18,1,1,unreliable
divieto.reattivonews.com,pseudojournalism and politics,butac,2021-05-18,1,1,unreliable
essere-informati.it,pseudojournalism and politics,butac,2021-05-18,1,1,unreliable
eticamente.net,pseudojournalism and politics,butac,2021-05-18,1,1,unreliable
fenixx.org,pseudojournalism and politics,butac,2021-05-18,1,1,unreliable
funvideosonline.info,pseudojournalism and politics,butac,2021-05-18,1,1,unreliable
gazzetta24.com,pseudojournalism and politics,butac,2021-05-18,1,1,unreliable
gazzettanews24.com,pseudojournalism and politics,butac,2021-05-18,1,1,unreliable
giornale24ore.com,pseudojournalism and politics,butac,2021-05-18,1,1,unreliable
il-giornale.info,pseudojournalism and politics,butac,2021-05-18,1,1,unreliable
giornaleilsole.com,pseudojournalism and politics,butac,2021-05-18,1,1,unreliable
ilgiornaleitaliano.it,pseudojournalism and politics,butac,2021-05-18,1,1,unreliable
ilgiornalenews.com,pseudojournalism and politics,butac,2021-05-18,1,1,unreliable
globo365.info,pseudojournalism and politics,butac,2021-05-18,1,1,unreliable
grandeinganno.it,pseudojournalism and politics,butac,2021-05-18,1,1,unreliable
guarda.link,pseudojournalism and politics,butac,2021-05-18,1,1,unreliable
guarda.one,pseudojournalism and politics,butac,2021-05-18,1,1,unreliable
howtodofor.com,pseudojournalism and politics,butac,2021-05-18,1,1,unreliable
ilbellocheavanza.com,pseudojournalism and politics,butac,2021-05-18,1,1,unreliable
ilfarosulmondo.it,pseudojournalism and politics,butac,2021-05-18,1,1,unreliable
ilfattodalweb.com,pseudojournalism and politics,butac,2021-05-18,1,1,unreliable
ilmeglio-delweb.it,pseudojournalism and politics,butac,2021-05-18,1,1,unreliable
ilmondoquotidiano.altervista.org,pseudojournalism and politics,butac,2021-05-18,1,1,unreliable
ilmovimentovaavanti.altervista.org,pseudojournalism and politics,butac,2021-05-18,1,1,unreliable
ilnotiziario24.com,pseudojournalism and politics,butac,2021-05-18,1,1,unreliable
ilprimatonazionale.it,pseudojournalism and politics,butac,2021-05-18,1,1,unreliable
il-quotidiano.info,pseudojournalism and politics,butac,2021-05-18,1,1,unreliable
imigliori.info,pseudojournalism and politics,butac,2021-05-18,1,1,unreliable
imigliorivideo.co,pseudojournalism and politics,butac,2021-05-18,1,1,unreliable
informatitalia.blogspot.com,pseudojournalism and politics,butac,2021-05-18,1,1,unreliable
informazionelibera.eu,pseudojournalism and politics,butac,2021-05-18,1,1,unreliable
interagisco.net,pseudojournalism and politics,butac,2021-05-18,1,1,unreliable
italiani-informati.com,pseudojournalism and politics,butac,2021-05-18,1,1,unreliable
iozummo.com,pseudojournalism and politics,butac,2021-05-18,1,1,unreliable
italiainmovimento.it,pseudojournalism and politics,butac,2021-05-18,1,1,unreliable
italia.imigliori.org,pseudojournalism and politics,butac,2021-05-18,1,1,unreliable
italianotizie24.eu,pseudojournalism and politics,butac,2021-05-18,1,1,unreliable
italiapatriamia.eu,pseudojournalism and politics,butac,2021-05-18,1,1,unreliable
italianosveglia.com,pseudojournalism and politics,butac,2021-05-18,1,1,unreliable
italiarialzati.com,pseudojournalism and politics,butac,2021-05-18,1,1,unreliable
itruffatori.blogspot.com,pseudojournalism and politics,butac,2021-05-18,1,1,unreliable
jedanews.com,pseudojournalism and politics,butac,2021-05-18,1,1,unreliable
kevideo.eu,pseudojournalism and politics,butac,2021-05-18,1,1,unreliable
lacrunadellago.net,pseudojournalism and politics,butac,2021-05-18,1,1,unreliable
larepubbica.it,pseudojournalism and politics,butac,2021-05-18,1,1,unreliable
larepubblica.info,pseudojournalism and politics,butac,2021-05-18,1,1,unreliable
lastnews24h.com,pseudojournalism and politics,butac,2021-05-18,1,1,unreliable
last-webs.com,pseudojournalism and politics,butac,2021-05-18,1,1,unreliable
leggimiora.com,pseudojournalism and politics,butac,2021-05-18,1,1,unreliable
libero-notizie.com,pseudojournalism and politics,butac,2021-05-18,1,1,unreliable
linktoday.it,pseudojournalism and politics,butac,2021-05-18,1,1,unreliable
infiltrato.it,pseudojournalism and politics,butac,2021-05-18,1,1,unreliable
livewebit.com,pseudojournalism and politics,butac,2021-05-18,1,1,unreliable
lolandesevolante.net,pseudojournalism and politics,butac,2021-05-18,1,1,unreliable
lonesto.it,pseudojournalism and politics,butac,2021-05-18,1,1,unreliable
mattino.ch,pseudojournalism and politics,butac,2021-05-18,1,1,unreliable
messaggiero.com,pseudojournalism and politics,butac,2021-05-18,1,1,unreliable
mittdolcino.com,pseudojournalism and politics,butac,2021-05-18,1,1,unreliable
morasta.it,pseudojournalism and politics,butac,2021-05-18,1,1,unreliable
newscronaca.it,pseudojournalism and politics,butac,2021-05-18,1,1,unreliable
newsitalys.com,pseudojournalism and politics,butac,2021-05-18,1,1,unreliable
news24roma.com,pseudojournalism and politics,butac,2021-05-18,1,1,unreliable
news24italia.it,pseudojournalism and politics,butac,2021-05-18,1,1,unreliable
noinvasione.com,pseudojournalism and politics,butac,2021-05-18,1,1,unreliable
notixonline.com,pseudojournalism and politics,butac,2021-05-18,1,1,unreliable
notixweb.com,pseudojournalism and politics,butac,2021-05-18,1,1,unreliable
notizie24h.net,pseudojournalism and politics,butac,2021-05-18,1,1,unreliable
notizieflash.eu,pseudojournalism and politics,butac,2021-05-18,1,1,unreliable
notizieregionali.com,pseudojournalism and politics,butac,2021-05-18,1,1,unreliable
nobufale.it,pseudojournalism and politics,butac,2021-05-18,1,1,unreliable
notizie-dal-web.it,pseudojournalism and politics,butac,2021-05-18,1,1,unreliable
notizieuniversali.it,pseudojournalism and politics,butac,2021-05-18,1,1,unreliable
numero6.org,pseudojournalism and politics,butac,2021-05-18,1,1,unreliable
oggi24ore.altervista.org,pseudojournalism and politics,butac,2021-05-18,1,1,unreliable
ogginotizie.info,pseudojournalism and politics,butac,2021-05-18,1,1,unreliable
oltrelebarricate.wordpress.com,pseudojournalism and politics,butac,2021-05-18,1,1,unreliable
orazero.org,pseudojournalism and politics,butac,2021-05-18,1,1,unreliable
perdavvero.com,pseudojournalism and politics,butac,2021-05-18,1,1,unreliable
piovegovernoladro.info,pseudojournalism and politics,butac,2021-05-18,1,1,unreliable
politikstube.com,pseudojournalism and politics,butac,2021-05-18,1,1,unreliable
rainews24.live,pseudojournalism and politics,butac,2021-05-18,1,1,unreliable
raffaelepalermonews.com,pseudojournalism and politics,butac,2021-05-18,1,1,unreliable
rassegnastampa.eu,pseudojournalism and politics,butac,2021-05-18,1,1,unreliable
rassegneitalia.info,pseudojournalism and politics,butac,2021-05-18,1,1,unreliable
reattivonews.com,pseudojournalism and politics,butac,2021-05-18,1,1,unreliable
repubblica24.com,pseudojournalism and politics,butac,2021-05-18,1,1,unreliable
ribelli.tv,pseudojournalism and politics,butac,2021-05-18,1,1,unreliable
riscattonazionale.altervista.org,pseudojournalism and politics,butac,2021-05-18,1,1,unreliable
rischiocalcolato.it,pseudojournalism and politics,butac,2021-05-18,1,1,unreliable
rivoluzioneoraomaipiu.com,pseudojournalism and politics,butac,2021-05-18,1,1,unreliable
robadapazzi.com,pseudojournalism and politics,butac,2021-05-18,1,1,unreliable
saper-link-news.com,pseudojournalism and politics,butac,2021-05-18,1,1,unreliable
segretodistato.com,pseudojournalism and politics,butac,2021-05-18,1,1,unreliable
semplicipensieri.com,pseudojournalism and politics,butac,2021-05-18,1,1,unreliable
senzacensura.org,pseudojournalism and politics,butac,2021-05-18,1,1,unreliable
siamorimastisoli.com,pseudojournalism and politics,butac,2021-05-18,1,1,unreliable
silenziefalsita.it,pseudojournalism and politics,butac,2021-05-18,1,1,unreliable
skynew.it,pseudojournalism and politics,butac,2021-05-18,1,1,unreliable
skytg24news.com,pseudojournalism and politics,butac,2021-05-18,1,1,unreliable
socialbuzz.it,pseudojournalism and politics,butac,2021-05-18,1,1,unreliable
socialnotixweb.com,pseudojournalism and politics,butac,2021-05-18,1,1,unreliable
soloitaliani.com,pseudojournalism and politics,butac,2021-05-18,1,1,unreliable
sputtaniamotutti.reattivonews.org,pseudojournalism and politics,butac,2021-05-18,1,1,unreliable
stopeuro.org,pseudojournalism and politics,butac,2021-05-18,1,1,unreliable
succedenelmondo.com,pseudojournalism and politics,butac,2021-05-18,1,1,unreliable
supernotizie.net,pseudojournalism and politics,butac,2021-05-18,1,1,unreliable
thetonicexpress.com,pseudojournalism and politics,butac,2021-05-18,1,1,unreliable
tg24italia.com,pseudojournalism and politics,butac,2021-05-18,1,1,unreliable
tg-news24.com,pseudojournalism and politics,butac,2021-05-18,1,1,unreliable
tg-quotidiano.net,pseudojournalism and politics,butac,2021-05-18,1,1,unreliable
tgcom24news.com,pseudojournalism and politics,butac,2021-05-18,1,1,unreliable
ticinolive.ch,pseudojournalism and politics,butac,2021-05-18,1,1,unreliable
trend-online.com,pseudojournalism and politics,butac,2021-05-18,1,1,unreliable
tuttiicriminidegliimmigrati.com,pseudojournalism and politics,butac,2021-05-18,1,1,unreliable
tutto24.info,pseudojournalism and politics,butac,2021-05-18,1,1,unreliable
tuttoinweb.com,pseudojournalism and politics,butac,2021-05-18,1,1,unreliable
ultimora24.it,pseudojournalism and politics,butac,2021-05-18,1,1,unreliable
videoenotizie.it,pseudojournalism and politics,butac,2021-05-18,1,1,unreliable
videoviraliweb.com,pseudojournalism and politics,butac,2021-05-18,1,1,unreliable
vocedelweb.com,pseudojournalism and politics,butac,2021-05-18,1,1,unreliable
voxnews.online,pseudojournalism and politics,butac,2021-05-18,1,1,unreliable
web-news24.com,pseudojournalism and politics,butac,2021-05-18,1,1,unreliable
webitalia360.com,pseudojournalism and politics,butac,2021-05-18,1,1,unreliable
webtg24.com,pseudojournalism and politics,butac,2021-05-18,1,1,unreliable
wowchevideo.com,pseudojournalism and politics,butac,2021-05-18,1,1,unreliable
zapping2017.myblog.it,pseudojournalism and politics,butac,2021-05-18,1,1,unreliable
zonagrigianews.com,pseudojournalism and politics,butac,2021-05-18,1,1,unreliable
5ideeinmovimento.blogspot.it,pseudojournalism blogs,butac,2021-05-18,1,1,unreliable
attivistam5snews.blogspot.it,pseudojournalism blogs,butac,2021-05-18,1,1,unreliable
benitomussolini.altervista.org,pseudojournalism blogs,butac,2021-05-18,1,1,unreliable
blogdieles2.altervista.org,pseudojournalism blogs,butac,2021-05-18,1,1,unreliable
blogdieles.altervista.org,pseudojournalism blogs,butac,2021-05-18,1,1,unreliable
bloginmovimento.altervista.org,pseudojournalism blogs,butac,2021-05-18,1,1,unreliable
controinformo.altervista.org,pseudojournalism blogs,butac,2021-05-18,1,1,unreliable
corrieredelmattino.altervista.org,pseudojournalism blogs,butac,2021-05-18,1,1,unreliable
cvdiariodelpollinho.altervista.org,pseudojournalism blogs,butac,2021-05-18,1,1,unreliable
direttainfo.blogspot.it,pseudojournalism blogs,butac,2021-05-18,1,1,unreliable
direttanfo.blogspot.it,pseudojournalism blogs,butac,2021-05-18,1,1,unreliable
essenzialmentedonna.altervista.org,pseudojournalism blogs,butac,2021-05-18,1,1,unreliable
europeannews.altervista.org,pseudojournalism blogs,butac,2021-05-18,1,1,unreliable
facebooknotizia.altervista.org,pseudojournalism blogs,butac,2021-05-18,1,1,unreliable
ilmessagero.altervista.org,pseudojournalism blogs,butac,2021-05-18,1,1,unreliable
ilradicale.altervista.org,pseudojournalism blogs,butac,2021-05-18,1,1,unreliable
informazionebycuriosity.altervista.org,pseudojournalism blogs,butac,2021-05-18,1,1,unreliable
jedasupport.altervista.org,pseudojournalism blogs,butac,2021-05-18,1,1,unreliable
lacucinasiciliana.altervista.org,pseudojournalism blogs,butac,2021-05-18,1,1,unreliable
lapillolarossa15.altervista.org,pseudojournalism blogs,butac,2021-05-18,1,1,unreliable
newstime24.altervista.org,pseudojournalism blogs,butac,2021-05-18,1,1,unreliable
nessuna-censura.com,pseudojournalism blogs,butac,2021-05-18,1,1,unreliable
notiziaitalica.altervista.org,pseudojournalism blogs,butac,2021-05-18,1,1,unreliable
notiziarioeuropeo.altervista.org,pseudojournalism blogs,butac,2021-05-18,1,1,unreliable
politicanews.altervista.org,pseudojournalism blogs,butac,2021-05-18,1,1,unreliable
ripuliamolitalia.altervista.org,pseudojournalism blogs,butac,2021-05-18,1,1,unreliable
rollingston.altervista.org,pseudojournalism blogs,butac,2021-05-18,1,1,unreliable
sadefenza.blogspot.it,pseudojournalism blogs,butac,2021-05-18,1,1,unreliable
siamorimastisoli.today,pseudojournalism blogs,butac,2021-05-18,1,1,unreliable
tg24h.altervista.org,pseudojournalism blogs,butac,2021-05-18,1,1,unreliable
tg24notizie.altervista.org,pseudojournalism blogs,butac,2021-05-18,1,1,unreliable
webnotice.altervista.org,pseudojournalism blogs,butac,2021-05-18,1,1,unreliable
webnews24h.it,pseudojournalism blogs,butac,2021-05-18,1,1,unreliable
cosmofruttariano3m.altervista.org,pseudoscience blogs,butac,2021-05-18,1,1,unreliable
curiosityalive.altervista.org,pseudoscience blogs,butac,2021-05-18,1,1,unreliable
ecocreando.weebly.com,pseudoscience blogs,butac,2021-05-18,1,1,unreliable
guarireoggi.blogspot.it,pseudoscience blogs,butac,2021-05-18,1,1,unreliable
ingannati.it,pseudoscience blogs,butac,2021-05-18,1,1,unreliable
ilrisvegliodellamente.altervista.org,pseudoscience blogs,butac,2021-05-18,1,1,unreliable
paradisefruit.altervista.org,pseudoscience blogs,butac,2021-05-18,1,1,unreliable
thecancermagazine.blogspot.it,pseudoscience blogs,butac,2021-05-18,1,1,unreliable
realscience.altervista.org,pseudoscience blogs,butac,2021-05-18,1,1,unreliable
thedayafter2012.blogspot.com,pseudoscience blogs,butac,2021-05-18,1,1,unreliable
alleanzadellasalute.info,pseudomedicine,butac,2021-05-18,1,1,unreliable
assis.it,pseudomedicine,butac,2021-05-18,1,1,unreliable
benesserefeed.it,pseudomedicine,butac,2021-05-18,1,1,unreliable
comilva.org,pseudomedicine,butac,2021-05-18,1,1,unreliable
eurosalus.com,pseudomedicine,butac,2021-05-18,1,1,unreliable
informasalus.it,pseudomedicine,butac,2021-05-18,1,1,unreliable
laleva.org,pseudomedicine,butac,2021-05-18,1,1,unreliable
nuovamedicinagermanica.it,pseudomedicine,butac,2021-05-18,1,1,unreliable
mammainrete.blogspot.com,pseudomedicine,butac,2021-05-18,1,1,unreliable
medicinenon.it,pseudomedicine,butac,2021-05-18,1,1,unreliable
mednat.org,pseudomedicine,butac,2021-05-18,1,1,unreliable
vacciniinforma.com,pseudomedicine,butac,2021-05-18,1,1,unreliable
vivoinsalute.com,pseudomedicine,butac,2021-05-18,1,1,unreliable
attiviamoci.org,conspiracy,butac,2021-05-18,1,1,unreliable
conoscenzealconfine.it,conspiracy,butac,2021-05-18,1,1,unreliable
complottisti.info,conspiracy,butac,2021-05-18,1,1,unreliable
contro.tv,conspiracy,butac,2021-05-18,1,1,unreliable
ecplanet.org,conspiracy,butac,2021-05-18,1,1,unreliable
effervescienza.com,conspiracy,butac,2021-05-18,1,1,unreliable
filosofiaelogos.it,conspiracy,butac,2021-05-18,1,1,unreliable
hackthematrix.it,conspiracy,butac,2021-05-18,1,1,unreliable
ilnavigatorecurioso.it,conspiracy,butac,2021-05-18,1,1,unreliable
ilpuntosulmistero.it,conspiracy,butac,2021-05-18,1,1,unreliable
libreidee.org,conspiracy,butac,2021-05-18,1,1,unreliable
liberamenteservo.com,conspiracy,